village,session,date,heure,especes,etat,nombre,endroit,sex,obtenu via,obtenu comment,obtenu ou,but,prix,tue via,tue quand,tue ou,cote,km
E10,8,04.09.19,07:55:00,PCM,E,1,M,M,C,C,V,M,NA,P,J,FF,N,1
E10,8,04.09.19,07:58:00,CIV,E,1,M,M,C,C,V,M,NA,P,J,FF,S,2
E10,8,07.09.19,16:13:00,ECU,E,1,M,M,C,C,V,M,NA,P,J,FF,N,1
E10,8,07.09.19,17:20:00,CBL,MR,16,M,NA,C,C,V,M,NA,NA,NA,NA,NA,NA
E10,8,07.09.19,17:25:00,PCM,MR,11,M,NA,C,C,V,M,NA,NA,NA,NA,NA,NA
E10,8,08.09.19,16:26:00,ATH,E,1,M,F,C,C,V,M,NA,F,N,FO,N,1
E10,8,08.09.19,16:29:00,CPE,E,1,R,F,C,C,V,V,17000,F,N,FO,N,3
E10,8,08.09.19,17:18:00,PCM,E,1,R,F,C,C,V,V,4000,P,N,FF,N,1
E10,8,09.09.19,08:29:00,HOC,E,1,R,F,C,C,V,V,6000,F,J,FO,N,2
E10,8,09.09.19,08:29:00,CBL,E,1,R,F,C,C,V,V,6000,F,N,FO,N,2
E10,8,09.09.19,08:29:00,CBL,E,1,R,M,C,C,V,V,6000,F,N,FO,N,2
E10,8,09.09.19,08:29:00,CBL,E,1,R,F,C,C,V,V,6000,F,N,FO,N,2
E10,8,12.09.19,16:07:00,ATH,E,1,M,F,C,C,V,V,6000,F,N,FO,N,3
E10,8,12.09.19,16:07:00,CBL,E,1,M,M,C,C,V,V,5000,F,N,FO,N,3
E10,8,13.09.19,07:57:00,CPE,E,1,R,M,C,C,V,V,13000,F,N,FO,S,3
E10,8,13.09.19,07:57:00,NAN,E,1,R,F,C,C,V,V,3000,F,N,FF,S,2
E10,8,15.09.19,16:28:00,MST,E,1,M,F,C,C,V,M,NA,F,J,FF,S,1
E10,8,16.09.19,15:52:00,CBL,E,1,R,F,C,C,V,V,5000,F,J,FO,N,2
E10,8,17.09.19,08:11:00,CBL,E,1,M,M,C,C,V,M,NA,F,N,FO,N,2
E10,8,17.09.19,08:11:00,CBL,E,1,M,F,C,C,V,C,NA,F,N,FO,N,2
E10,8,17.09.19,08:11:00,CBL,E,1,M,F,C,C,V,C,NA,F,N,FO,N,2
E10,8,17.09.19,08:11:00,TOR,E,1,M,M,C,C,V,M,NA,M,N,FO,N,2
E10,8,17.09.19,08:11:00,TOR,E,1,M,F,C,C,V,M,NA,M,N,FO,N,2
E10,8,17.09.19,16:18:00,TOR,E,1,R,M,C,C,V,V,2000,P,J,FO,S,3
E10,8,18.09.19,15:53:00,CAL,E,1,R,M,C,C,V,V,3000,F,J,FO,N,3
C1,8,02.09.19,08:19:00,CBL,E,1,R,M,C,C,V,V,5000,F,N,FF,N,3
C1,8,03.09.19,07:31:00,CBL,E,1,R,M,C,C,V,V,6000,F,N,FF,N,4
C1,8,03.09.19,07:47:00,NAN,E,1,R,F,C,C,V,V,5000,F,N,FF,N,5
C1,8,03.09.19,07:47:00,CBL,E,1,R,F,C,C,V,V,5000,F,N,FF,N,5
C1,8,03.09.19,17:18:00,CMN,MRF,4,M,NA,DH,D,H,M,NA,NA,NA,NA,NA,NA
C1,8,"04.09,19",08:01:00,ATH,E,1,M,M,C,C,V,M,NA,P,J,P,S,NA
C1,8,07.09.19,08:44:00,CBL,MIF,2,M,NA,C,C,V,C,NA,F,N,NA,N,NA
C1,8,07.09.19,16:05:00,CMN,TF,1,M,NA,D,D,V,M,NA,NA,NA,NA,NA,NA
C1,8,07.09.19,16:14:00,CBL,MR,26,M,NA,C,C,V,M,NA,F,N,FF,S,5
C1,8,07.09.19,16:14:00,CBL,T,1,M,NA,C,C,V,M,NA,F,N,FF,S,5
C1,8,07.09.19,16:48:00,CBL,G,1,M,NA,D,D,V,M,NA,NA,NA,NA,NA,NA
C1,8,08.09.19,16:18:00,CVB,E,1,R,F,C,C,V,V,12000,P,J,FF,S,3
C1,8,12.09.19,07:29:00,CBL,E,1,M,M,C,C,V,V,3000,F,N,FO,N,6
C1,8,12.09.19,08:40:00,CPO,G,4,M,NA,C,C,V,M,NA,F,J,NA,NA,NA
C1,8,12.09.19,08:40:00,CPO,MR,3,M,NA,C,C,V,M,NA,F,J,NA,NA,NA
C1,8,12.09.19,08:40:00,CPO,T,1,M,NA,C,C,V,M,NA,F,J,NA,NA,NA
C1,8,12.09.19,16:02:00,CBL,E,1,M,F,CH,C,H,C,NA,F,NA,NA,NA,NA
C1,8,12.09.19,16:02:00,CBL,E,1,M,M,CH,C,H,C,NA,F,NA,NA,NA,NA
C1,8,12.09.19,16:02:00,CBL,E,1,M,M,CH,C,H,C,NA,F,NA,NA,NA,NA
C1,8,12.09.19,16:02:00,CBL,E,1,M,M,CH,C,H,C,NA,F,NA,NA,NA,NA
C1,8,12.09.19,16:02:00,CBL,E,1,M,F,CH,C,H,C,NA,F,NA,NA,NA,NA
C1,8,12.09.19,16:02:00,MST,E,1,M,M,CH,C,H,C,NA,F,NA,NA,NA,NA
C1,8,12.09.19,16:52:00,ATH,MR,23,M,NA,C,C,V,M,NA,P,J,FO,S,4
C1,8,13.09.19,07:43:00,CBL,E,1,M,M,C,C,V,V,5000,F,N,FF,N,2
C1,8,13.09.19,07:43:00,CBL,E,1,M,F,C,C,V,M,NA,F,N,FF,N,2
C1,8,16.09.19,07:28:00,POT,MI,2,M,F,C,C,V,V,30000,P,J,FO,S,5
C1,8,16.09.19,07:49:00,CBL,E,1,M,M,C,C,V,V,5000,F,N,FF,N,4
C1,8,16.09.19,07:49:00,CBL,E,1,M,M,C,C,V,V,5000,F,N,FO,N,4
C1,8,16.09.19,07:49:00,CBL,E,1,M,F,C,C,V,V,5000,F,N,FF,N,6
C1,8,16.09.19,07:49:00,CBL,E,1,M,M,C,C,V,M,NA,F,N,FF,N,6
C1,8,16.09.19,07:49:00,CBA,E,1,M,F,C,C,V,V,14000,F,N,FO,N,3
C1,8,16.09.19,07:49:00,CBL,E,1,M,F,C,C,V,M,NA,F,N,FO,N,3
C1,8,16.09.19,15:58:00,CBA,E,1,M,M,CH,C,H,C,NA,F,N,NA,NA,NA
C1,8,16.09.19,15:58:00,CBL,E,1,M,M,CH,C,H,C,NA,F,N,NA,NA,NA
C1,8,16.09.19,15:58:00,CBL,E,1,M,M,CH,C,H,C,NA,F,N,NA,NA,NA
C1,8,16.09.19,15:58:00,CBL,E,1,M,F,CH,C,H,C,NA,F,N,NA,NA,NA
C1,8,16.09.19,15:58:00,CBL,E,1,M,M,CH,C,H,C,NA,F,N,NA,NA,NA
C1,8,16.09.19,15:58:00,CBL,E,1,M,F,CH,C,H,C,NA,F,N,NA,NA,NA
C1,8,16.09.19,16:45:00,CBL,E,1,M,F,CH,C,H,C,NA,F,N,NA,NA,NA
C1,8,16.09.19,16:45:00,CBL,E,1,M,M,C,C,V,C,NA,F,N,NA,NA,NA
C1,8,17.09.19,07:53:00,ATH,E,1,M,M,C,C,V,V,6000,P,N,FF,S,4
C1,8,17.09.19,08:15:00,CPO,E,1,M,F,C,C,V,M,NA,F,J,FF,N,NA
C1,8,17.09.19,08:31:00,POT,E,1,M,F,C,C,V,C,NA,F,N,R,S,5
C1,8,17.09.19,08:31:00,PCM,E,1,M,M,C,C,V,M,NA,M,N,P,S,1
C1,8,18.09.19,08:05:00,CHV,E,1,M,F,C,C,V,V,8000,F,N,R,N,4
C1,8,18.09.19,08:05:00,PCM,E,1,M,F,C,C,V,M,NA,M,N,FO,N,3
C1,8,18.09.19,08:05:00,CBL,E,1,M,M,C,C,V,V,5000,F,N,FF,N,5
C1,8,18.09.19,08:05:00,CBL,E,1,M,F,C,C,V,V,5000,F,N,FF,N,5
C1,8,19.09.19,07:36:00,CHV,PF,1,M,NA,D,D,V,M,NA,NA,NA,NA,NA,NA
C1,8,19.09.19,07:43:00,CBL,GF,3,R,NA,C,C,V,C,NA,NA,NA,NA,NA,NA
C1,8,21.09.19,07:32:00,HER,E,1,M,F,C,C,V,M,NA,F,N,P,N,NA
C1,8,21.09.19,07:32:00,PCM,E,1,R,F,C,C,V,V,5000,F,N,FO,N,6
C1,8,21.09.19,07:32:00,PCM,E,1,R,M,C,C,V,V,3000,P,N,FF,N,4
C1,8,21.09.19,16:20:00,CBA,E,1,R,F,C,C,V,V,10000,P,J,FO,S,3
E3,8,02.09.19,07:35:00,CMN,PF,1,M,NA,D,D,V,M,NA,F,NA,NA,NA,NA
E3,8,02.09.19,08:01:00,CBL,E,1,R,F,C,C,V,V,4000,F,N,P,N,1.5
E3,8,02.09.19,15:52:00,MST,EF,1,M,NA,C,C,V,M,NA,F,NA,NA,NA,NA
E3,8,02.09.19,15:53:00,CMN,PF,1,M,NA,C,C,V,M,NA,NA,NA,NA,NA,NA
E3,8,02.09.19,16:12:00,POT,MI,2,M,M,D,D,V,C,NA,F,NA,NA,NA,NA
E3,8,02.09.19,16:27:00,ATH,E,1,M,F,C,C,V,M,NA,P,J,FO,N,3
E3,8,04.09.19,07:27:00,CPE,E,1,R,F,C,C,V,V,15000,F,N,FF,S,2
E3,8,04.09.19,07:27:00,HER,E,1,R,M,C,C,V,V,5000,F,N,P,S,0.9
E3,8,04.09.19,16:22:00,CBL,E,1,M,F,DH,D,H,C,NA,F,NA,NA,NA,NA
E3,8,04.09.19,16:26:00,ATH,E,1,M,M,DH,D,H,C,NA,P,NA,NA,NA,NA
E3,8,04.09.19,16:37:00,ATH,E,1,R,F,C,C,V,V,6000,P,J,FF,N,4
E3,8,07.09.19,16:09:00,CBL,E,1,M,F,C,C,V,M,NA,P,J,R,N,NA
E3,8,07.09.19,16:43:00,MJG,E,1,M,F,NA,NA,NA,G,NA,NA,J,FF,S,6
E3,8,08.09.19,16:09:00,CMN,EF,1,M,NA,C,C,V,C,NA,F,N,FO,N,9
E3,8,08.09.19,16:09:00,CMN,EF,1,M,NA,C,C,V,C,NA,F,N,FO,N,9
E3,8,08.09.19,16:09:00,CMN,EF,1,M,NA,C,C,V,C,NA,F,N,FO,N,9
E3,8,08.09.19,16:09:00,CMN,PF,1,M,NA,C,C,V,C,NA,F,N,FO,N,9
E3,8,09.09.19,07:41:00,CPE,E,1,R,F,C,C,V,V,14000,F,N,FF,S,NA
E3,8,09.09.19,07:41:00,CBL,E,1,R,M,C,C,V,V,5000,F,N,FF,S,NA
E3,8,09.09.19,16:34:00,PYT,E,1,M,F,C,C,V,V,50000,NA,J,R,N,2.5
E3,8,12.09.19,07:23:00,POT,MI,1,R,M,C,C,V,V,30000,F,J,FF,S,10
E3,8,12.09.19,07:27:00,CBA,E,1,R,F,C,C,V,V,10000,F,J,NA,S,NA
E3,8,12.09.19,08:23:00,CPE,E,1,M,F,CH,C,H,C,NA,F,NA,NA,NA,NA
E3,8,12.09.19,08:23:00,CBL,E,1,M,F,CH,C,H,C,NA,F,NA,NA,NA,NA
E3,8,12.09.19,08:23:00,POT,MI,2,M,M,CH,C,H,C,NA,F,NA,NA,NA,NA
E3,8,13.09.19,07:51:00,MNG,E,1,M,F,C,C,V,M,NA,F,J,FO,N,5
E3,8,13.09.19,07:51:00,CMN,G,4,M,NA,C,C,V,M,NA,F,J,FO,N,5
E3,8,13.09.19,15:58:00,TOR,E,1,R,M,C,C,V,V,1000,P,J,P,N,0.8
E3,8,16.09.19,07:40:00,POT,GF,2,M,NA,C,C,V,C,NA,F,J,NA,S,NA
E3,8,16.09.19,07:40:00,CMN,E,1,M,F,C,C,V,C,NA,F,J,NA,S,NA
E3,8,16.09.19,15:54:00,TOR,E,1,R,F,C,C,V,V,1500,P,J,NA,N,NA
E3,8,18.09.19,07:37:00,PCM,E,1,R,F,C,C,V,V,5000,F,N,FF,S,2
E3,8,21.09.19,07:39:00,POT,G,6,M,NA,C,C,V,C,NA,F,J,FO,S,4
E3,8,21.09.19,07:39:00,HOC,E,1,M,M,C,C,V,C,NA,F,J,FO,S,4
E3,8,21.09.19,08:03:00,CMN,GF,4,M,NA,C,C,V,C,NA,F,J,NA,N,NA
C2,8,02.09.19,07:32:00,NAN,E,1,R,F,C,C,V,V,5000,F,N,FF,N,2
C2,8,02.09.19,07:38:00,HOC,E,1,R,M,C,C,V,V,8000,F,J,FO,N,NA
C2,8,02.09.19,07:43:00,CBA,MR,90,R,NA,C,C,V,V,100,NA,NA,NA,NA,NA
C2,8,02.09.19,16:28:00,CPE,G,1,M,NA,A,A,V,M,2500,NA,NA,NA,NA,NA
C2,8,02.09.19,16:30:00,CPE,G,1,M,NA,A,A,V,M,2500,NA,NA,NA,NA,NA
C2,8,03.09.19,07:34:00,POT,E,1,M,F,C,C,V,V,50000,F,J,P,N,2
C2,8,03.09.19,07:59:00,PCM,E,1,R,F,C,C,V,V,2500,P,J,FF,S,3
C2,8,04.09.19,07:34:00,ATH,E,1,R,M,C,C,V,V,5000,P,J,P,S,4
C2,8,04.09.19,07:39:00,CBA,GF,1,M,NA,C,C,V,M,NA,NA,NA,NA,NA,NA
C2,8,04.09.19,08:10:00,CBL,GF,4,M,NA,C,C,V,C,NA,NA,NA,NA,NA,NA
C2,8,04.09.19,15:07:00,CPE,G,2,M,NA,C,C,V,C,NA,NA,NA,NA,NA,NA
C2,8,04.09.19,15:10:00,CPE,G,1,M,NA,A,A,V,M,2500,NA,NA,NA,NA,NA
C2,8,07.09.19,07:39:00,TOR,E,1,R,M,C,C,V,V,3000,P,J,FF,S,3
C2,8,07.09.19,16:15:00,VAR,E,1,M,F,C,C,V,M,NA,P,J,P,N,2
C2,8,08.09.19,16:35:00,CBA,G,3,M,NA,C,C,V,V,7500,NA,NA,NA,NA,NA
C2,8,08.09.19,17:00:00,CBA,G,1,M,NA,C,C,V,V,2500,NA,NA,NA,NA,NA
C2,8,09.09.19,08:03:00,HER,E,1,R,M,C,C,V,V,5000,F,N,P,S,1
C2,8,09.09.19,16:36:00,CFN,MR,5,M,NA,A,A,V,M,10000,NA,NA,NA,NA,NA
C2,8,09.09.19,16:39:00,CBL,E,1,M,F,C,C,V,M,NA,P,J,FO,S,NA
C2,8,09.09.19,16:50:00,CBA,G,2,R,NA,D,D,V,M,NA,NA,NA,NA,NA,NA
C2,8,09.09.19,17:07:00,CHV,MR,2,M,NA,D,D,V,M,NA,NA,NA,NA,NA,NA
C2,8,12.09.19,08:27:00,CMN,GF,4,M,NA,CH,C,H,C,NA,NA,NA,NA,NA,NA
C2,8,12.09.19,08:27:00,CBA,GF,4,M,NA,CH,C,H,C,NA,NA,NA,NA,NA,NA
C2,8,12.09.19,08:27:00,POT,MR,5,M,NA,CH,C,H,C,NA,NA,NA,NA,NA,NA
C2,8,12.09.19,08:27:00,POT,MRF,10,M,NA,CH,C,H,C,NA,NA,NA,NA,NA,NA
C2,8,12.09.19,08:42:00,HER,E,1,R,M,C,C,V,V,10000,P,J,P,S,2
C2,8,12.09.19,16:39:00,POT,MR,5,M,NA,CH,C,H,C,NA,NA,NA,NA,NA,NA
C2,8,12.09.19,16:39:00,CBL,GF,16,M,NA,CH,C,H,C,NA,NA,NA,NA,NA,NA
C2,8,12.09.19,16:39:00,CPE,GF,4,M,NA,CH,C,H,C,NA,NA,NA,NA,NA,NA
C2,8,13.09.19,08:33:00,CBL,GF,16,M,NA,C,C,V,C,NA,NA,NA,NA,NA,NA
C2,8,13.09.19,16:22:00,CVB,E,1,M,M,C,C,V,C,NA,F,N,FO,S,NA
C2,8,13.09.19,16:22:00,CBL,E,1,M,F,C,C,V,C,NA,F,N,FO,S,NA
C2,8,13.09.19,16:22:00,CBL,E,1,M,M,C,C,V,C,NA,F,N,FO,S,NA
C2,8,13.09.19,16:53:00,CBA,E,1,M,M,C,C,V,C,NA,F,J,FO,N,NA
C2,8,15.09.19,16:54:00,CHV,E,1,M,F,C,C,V,C,NA,F,N,R,S,NA
C2,8,16.09.19,15:54:00,CPE,E,1,R,M,C,C,V,V,10000,F,N,FO,N,NA
C2,8,16.09.19,15:54:00,CBL,E,1,R,M,C,C,V,V,5000,F,N,FO,N,NA
C2,8,16.09.19,16:17:00,CPE,E,1,M,F,C,C,V,C,NA,F,NA,NA,NA,NA
C2,8,21.09.19,07:20:00,TOR,E,1,R,M,C,C,V,V,1500,P,J,FF,N,2
C2,8,21.09.19,07:39:00,HOC,E,1,M,M,C,C,V,V,5000,F,J,FO,N,NA
C2,8,21.09.19,07:39:00,ATH,E,1,M,M,C,C,V,M,NA,F,N,FO,N,NA
C2,8,21.09.19,07:43:00,POT,T,1,M,NA,C,C,V,M,NA,NA,NA,NA,NA,NA
C2,8,21.09.19,07:45:00,CBL,E,1,R,F,C,C,V,V,5000,F,N,FO,N,NA
C2,8,21.09.19,15:59:00,CBA,E,1,R,M,C,C,V,V,10000,F,N,FO,N,NA
C2,8,21.09.19,16:06:00,CBA,E,1,R,M,C,C,V,V,13000,F,J,FO,N,NA
C2,8,21.09.19,16:12:00,HER,E,1,R,M,C,C,V,V,1100,P,J,P,N,3
C2,8,21.09.19,16:21:00,CFN,MR,25,R,NA,C,C,V,V,100,NA,NA,NA,NA,NA
E5,8,02.09.19,07:51:00,CBL,GF,3,M,NA,C,C,V,M,NA,F,N,NA,NA,NA
E5,8,03.09.19,07:47:00,CBL,EF,1,M,NA,C,C,V,M,NA,NA,NA,NA,NA,NA
E5,8,03.09.19,07:47:00,CBL,EF,1,M,NA,C,C,V,M,NA,NA,NA,NA,NA,NA
E5,8,04.09.19,16:39:00,NAN,MR,23,M,NA,D,D,V,M,NA,NA,NA,NA,NA,NA
E5,8,07.09.19,07:24:00,CBL,E,1,R,M,C,C,V,V,5000,F,N,FO,N,3
E5,8,07.09.19,07:24:00,CBL,E,1,R,M,C,C,V,V,5000,F,N,FF,N,3
E5,8,07.09.19,07:24:00,PLQ,E,1,R,M,C,C,V,V,5000,F,N,FF,N,3
E5,8,07.09.19,07:24:00,PCM,E,1,R,F,C,C,V,V,4000,F,N,FO,N,3
E5,8,07.09.19,07:24:00,CPE,E,1,R,M,C,C,V,V,13000,F,N,FF,S,4
E5,8,07.09.19,08:06:00,ATH,E,1,M,F,C,C,V,M,NA,F,N,FO,N,2
E5,8,08.09.19,16:12:00,CBA,G,1,M,NA,C,C,V,M,NA,NA,NA,NA,NA,NA
E5,8,08.09.19,16:12:00,CBA,MR,38,M,NA,A,A,V,M,NA,NA,NA,NA,NA,NA
E5,8,08.09.19,16:12:00,CBA,T,1,M,NA,A,A,V,M,NA,NA,NA,NA,NA,NA
E5,8,09.09.19,07:53:00,SIT,MR,9,M,NA,A,A,V,M,NA,P,J,P,N,2
E5,8,09.09.19,07:57:00,SIT,T,1,M,NA,C,C,V,M,NA,P,J,P,N,2
E5,8,09.09.19,16:19:00,CHV,GF,1,M,NA,D,D,V,M,NA,NA,NA,NA,NA,NA
E5,8,09.09.19,16:19:00,CHV,MR,12,M,NA,A,A,V,M,NA,NA,NA,NA,NA,NA
E5,8,09.09.19,16:51:00,CBL,E,1,M,M,A,A,V,V,5000,F,N,NA,NA,NA
E5,8,12.09.19,07:20:00,CBL,E,1,M,M,C,C,V,M,NA,F,N,NA,N,8
E5,8,12.09.19,07:20:00,CBL,E,1,R,F,C,C,V,V,5000,F,N,NA,N,8
E5,8,12.09.19,07:20:00,CBL,E,1,R,M,C,C,V,V,5000,F,N,NA,N,7
E5,8,12.09.19,07:20:00,CBL,E,1,M,F,C,C,V,V,5000,F,N,NA,N,6
E5,8,12.09.19,07:20:00,CBL,E,1,M,F,C,C,V,V,5000,F,N,NA,N,6
E5,8,12.09.19,07:20:00,CBL,E,1,M,M,C,C,V,V,5000,F,N,NA,N,6
E5,8,12.09.19,07:20:00,CBL,E,1,M,F,C,C,V,V,5000,F,N,NA,N,6
E5,8,12.09.19,07:27:00,CPE,E,1,R,F,C,C,V,V,15000,F,N,FF,N,8
E5,8,12.09.19,07:27:00,CBA,E,1,M,M,C,C,V,V,13000,F,N,FO,N,6
E5,8,12.09.19,07:27:00,CVB,E,1,M,M,C,C,V,V,10000,F,N,FO,N,6
E5,8,12.09.19,07:55:00,CBL,E,1,R,M,C,C,V,V,5000,F,N,FO,S,4
E5,8,12.09.19,07:55:00,CBL,E,1,M,F,C,C,V,V,5000,F,N,FO,S,3
E5,8,12.09.19,07:55:00,CBL,E,1,M,F,C,C,V,V,5000,F,N,NA,S,3
E5,8,12.09.19,08:17:00,CBL,E,1,R,M,C,C,V,V,5000,F,N,NA,N,4
E5,8,12.09.19,08:17:00,TOR,E,1,M,F,C,C,V,V,1000,NA,N,FO,N,4
E5,8,12.09.19,08:17:00,CBL,E,1,M,M,C,C,V,V,5000,F,N,FF,N,4
E5,8,12.09.19,16:33:00,CBL,E,1,M,M,D,D,V,M,NA,F,NA,NA,NA,NA
E5,8,13.09.19,15:54:00,CBA,E,1,R,M,C,C,V,V,5000,F,N,NA,S,7
E5,8,14.09.19,07:30:00,CBL,E,1,M,F,C,C,V,V,5000,F,N,NA,S,6
E5,8,14.09.19,07:30:00,CBL,E,1,M,F,C,C,V,V,5000,F,N,NA,S,6
E5,8,14.09.19,07:30:00,CBL,E,1,M,M,C,C,V,V,5000,F,N,NA,S,6
E5,8,14.09.19,07:30:00,CBL,E,1,M,M,C,C,V,V,5000,F,N,NA,S,6
E5,8,14.09.19,07:30:00,CBL,E,1,M,M,C,C,V,V,5000,F,N,NA,S,6
E5,8,14.09.19,07:30:00,CBL,E,1,M,F,C,C,V,M,NA,F,N,NA,S,6
E5,8,14.09.19,07:45:00,MPN,E,1,M,F,C,C,V,M,NA,F,N,FO,S,6
E5,8,14.09.19,07:45:00,CBL,E,1,M,M,C,C,V,M,NA,F,N,FF,S,6
E5,8,14.09.19,08:16:00,CBL,E,1,R,F,C,C,V,V,5000,F,N,FF,S,7
E5,8,14.09.19,08:16:00,CBA,E,1,M,M,C,C,V,V,6000,F,N,NA,S,7
E5,8,14.09.19,16:27:00,CBL,G,2,M,NA,D,D,V,M,NA,F,N,NA,NA,NA
E5,8,14.09.19,16:27:00,CBL,T,1,M,NA,D,D,V,M,NA,F,N,NA,NA,NA
E5,8,15.09.19,07:33:00,CBL,E,1,R,M,C,C,V,V,5000,F,N,NA,NA,NA
E5,8,15.09.19,07:33:00,CBL,E,1,R,F,C,C,V,V,5000,F,N,NA,NA,NA
E5,8,16.09.19,07:27:00,HOC,E,1,R,M,C,C,V,V,8000,F,N,FF,S,8
E5,8,16.09.19,07:27:00,POT,E,1,R,M,C,C,V,V,25000,F,N,FO,S,4
E5,8,16.09.19,07:27:00,TOR,E,1,R,M,C,C,V,V,1000,NA,N,FO,S,6
E5,8,16.09.19,07:27:00,CBL,E,1,M,F,C,C,V,V,5000,F,N,FO,S,8
E5,8,16.09.19,07:27:00,CBL,E,1,M,M,C,C,V,V,5000,F,N,FO,S,8
E5,8,16.09.19,07:27:00,ATH,E,1,M,M,C,C,V,V,5000,F,N,FF,S,8
E5,8,16.09.19,07:43:00,CBL,E,1,M,F,C,C,V,NA,NA,F,N,NA,NA,NA
E5,8,16.09.19,07:43:00,CBL,E,1,M,M,C,C,V,NA,NA,F,N,NA,NA,NA
E5,8,16.09.19,16:26:00,CDO,E,1,M,F,C,C,V,M,NA,F,J,FF,N,4
E5,8,17.09.19,07:24:00,CBA,E,1,R,M,C,C,V,V,10000,F,N,NA,NA,NA
E5,8,17.09.19,07:24:00,CBL,E,1,R,M,C,C,V,V,5000,F,N,NA,NA,NA
E5,8,17.09.19,07:29:00,CBL,E,1,R,F,C,C,V,V,5000,F,N,FO,N,3
E5,8,17.09.19,07:29:00,CBL,E,1,R,F,C,C,V,V,5000,F,N,FO,N,3
E5,8,17.09.19,08:08:00,PCM,E,1,R,M,C,C,V,V,3000,F,N,NA,NA,NA
E5,8,18.09.19,07:27:00,CBL,E,1,R,M,C,C,V,V,5000,F,N,NA,N,4
E5,8,18.09.19,07:27:00,CBL,E,1,M,M,C,C,V,V,5000,F,N,NA,N,4
E5,8,18.09.19,07:27:00,CBL,E,1,M,F,C,C,V,V,5000,F,N,NA,N,4
E5,8,18.09.19,07:27:00,PCM,E,1,M,M,C,C,V,V,3000,M,N,P,N,4
E5,8,18.09.19,07:27:00,CBL,E,1,M,M,C,C,V,V,5000,F,N,NA,N,4
E5,8,18.09.19,07:59:00,PLQ,E,1,R,M,C,C,V,V,5000,F,N,FO,N,3
E5,8,18.09.19,08:24:00,CFN,E,1,R,F,C,C,V,V,13000,F,N,FO,N,15
E5,8,18.09.19,08:24:00,CHV,E,1,M,F,C,C,V,V,NA,F,N,M,N,16
E5,8,21.09.19,16:54:00,CBL,E,1,M,M,C,C,V,M,NA,F,J,NA,NA,NA
E6,8,02.09.19,07:22:00,CBL,G,1,M,NA,C,C,V,M,NA,F,N,FF,S,5
E6,8,02.09.19,07:22:00,CBL,MR,7,M,NA,C,C,V,M,NA,F,N,FF,S,5
E6,8,03.09.19,07:23:00,POT,MI,1,M,F,C,C,V,V,30000,F,N,R,N,2
E6,8,03.09.19,07:23:00,CBL,E,1,M,F,C,C,V,V,5000,F,N,FO,N,2
E6,8,03.09.19,07:23:00,CBL,E,1,M,M,C,C,V,V,5000,F,N,FO,N,2
E6,8,03.09.19,07:34:00,POT,MI,1,R,F,C,C,V,V,25000,F,N,R,N,2
E6,8,03.09.19,07:41:00,CBL,E,1,M,M,A,A,V,M,5000,F,N,NA,NA,NA
E6,8,03.09.19,07:41:00,CBL,E,1,M,M,A,A,V,M,5000,F,N,NA,NA,NA
E6,8,03.09.19,07:41:00,CBL,E,1,M,F,A,A,V,M,5000,F,N,NA,NA,NA
E6,8,03.09.19,07:53:00,CBA,E,1,M,F,C,C,V,V,15000,F,N,FF,S,5
E6,8,03.09.19,07:53:00,CBL,E,1,M,F,C,C,V,V,5000,F,N,FF,S,5
E6,8,03.09.19,07:53:00,CBL,E,1,M,F,C,C,V,V,5000,F,N,FF,S,5
E6,8,03.09.19,07:53:00,PCM,E,1,M,M,C,C,V,V,4000,F,N,FF,S,5
E6,8,03.09.19,07:53:00,ATH,E,1,M,M,C,C,V,V,5000,F,N,FF,S,0.7
E6,8,04.09.19,07:23:00,PCM,E,1,M,F,C,C,V,M,NA,F,N,FF,S,3
E6,8,04.09.19,07:28:00,CPE,E,1,R,F,C,C,V,V,15000,F,N,FO,S,3
E6,8,04.09.19,07:36:00,CFN,E,1,M,F,C,C,V,V,10000,F,N,R,S,4
E6,8,04.09.19,07:36:00,CBA,E,1,M,F,C,C,V,V,15000,F,N,FO,S,4
E6,8,04.09.19,07:36:00,ATH,E,1,M,F,C,C,V,M,NA,F,N,FO,S,5
E6,8,04.09.19,07:36:00,PCM,E,1,M,F,C,C,V,M,NA,F,N,FO,S,5
E6,8,04.09.19,07:36:00,CBL,E,1,M,F,C,C,V,V,5000,F,N,FO,S,5
E6,8,04.09.19,07:36:00,CBL,E,1,M,F,C,C,V,V,5000,F,N,FO,S,5
E6,8,04.09.19,07:36:00,CBL,E,1,M,M,C,C,V,V,5000,F,N,FO,S,5
E6,8,04.09.19,07:51:00,CBL,E,1,M,M,C,C,V,V,5000,F,N,FF,S,5
E6,8,07.09.19,07:23:00,PCM,E,1,M,F,C,C,V,V,5000,F,N,FF,S,1
E6,8,07.09.19,15:52:00,PCM,E,1,M,M,C,C,V,V,5000,F,N,FF,S,6
E6,8,07.09.19,15:52:00,ATH,MI,1,M,NA,C,C,V,M,NA,F,N,FF,S,6
E6,8,08.09.19,07:23:00,CPE,E,1,M,M,C,C,V,V,15000,F,N,NA,S,5
E6,8,08.09.19,07:23:00,CMN,E,1,M,F,C,C,V,M,NA,M,N,FF,S,5
E6,8,08.09.19,16:07:00,CPO,E,1,R,F,C,C,V,V,3000,F,J,FF,N,1
E6,8,12.09.19,07:21:00,PCM,E,1,M,F,C,C,V,M,4000,M,N,FF,N,5
E6,8,12.09.19,07:21:00,CPO,E,1,M,F,C,C,V,V,5000,F,J,FF,N,5
E6,8,12.09.19,07:21:00,CBL,E,1,M,M,C,C,V,V,5000,F,N,FO,N,5
E6,8,12.09.19,07:21:00,CBL,E,1,M,M,C,C,V,V,5000,F,N,FF,N,5
E6,8,12.09.19,07:28:00,CBA,E,1,M,F,C,C,V,V,10000,F,N,FF,N,5
E6,8,12.09.19,07:28:00,PCM,E,1,M,M,C,C,V,V,3000,F,N,FO,N,5
E6,8,12.09.19,07:44:00,CBL,E,1,M,F,C,C,V,V,5000,F,N,FO,N,5
E6,8,12.09.19,07:44:00,CBL,E,1,M,M,C,C,V,V,5000,F,N,FO,N,5
E6,8,12.09.19,07:44:00,CPE,E,1,M,M,C,C,V,V,15000,F,N,FF,N,5
E6,8,12.09.19,07:44:00,CFN,E,1,M,F,C,C,V,V,13000,F,N,R,N,5
E6,8,13.09.19,07:29:00,MST,E,1,M,M,C,C,V,V,NA,F,J,FF,S,6
E6,8,13.09.19,07:29:00,CBL,E,1,M,M,C,C,V,V,5000,F,N,FF,S,6
E6,8,13.09.19,07:29:00,CBL,E,1,M,F,C,C,V,M,5000,F,N,FO,S,6
E6,8,13.09.19,07:29:00,CBL,E,1,M,M,C,C,V,V,5000,F,N,FF,S,6
E6,8,14.09.19,07:22:00,MST,E,1,M,M,C,C,V,V,NA,F,J,FF,N,6
E6,8,14.09.19,07:22:00,CBA,E,1,M,M,C,C,V,V,15000,F,N,FO,N,6
E6,8,14.09.19,07:22:00,CBL,E,1,M,M,C,C,V,M,5000,F,N,FO,N,6
E6,8,14.09.19,07:22:00,CBL,E,1,M,F,C,C,V,V,5000,F,N,FF,N,6
E6,8,14.09.19,07:32:00,CPE,E,1,R,M,C,C,V,V,13000,F,N,FF,N,6
E6,8,14.09.19,07:47:00,CBL,E,1,R,M,C,C,V,V,5000,F,N,FF,N,1
E6,8,14.09.19,07:49:00,CBL,E,1,M,F,C,C,V,V,5000,F,N,FF,N,1
E6,8,16.09.19,07:22:00,HOC,E,1,M,M,C,C,V,V,6000,F,J,FF,N,6
E6,8,16.09.19,07:22:00,CBL,E,1,M,M,C,C,V,V,5000,F,N,FF,N,6
E6,8,16.09.19,07:22:00,CBL,E,1,M,M,C,C,V,V,5000,F,N,FO,N,6
E6,8,16.09.19,07:22:00,CBL,E,1,M,M,C,C,V,V,5000,F,N,FF,N,6
E6,8,16.09.19,07:22:00,CBL,E,1,M,F,C,C,V,V,5000,F,N,FO,N,6
E6,8,16.09.19,07:22:00,CBL,E,1,M,F,C,C,V,V,5000,F,N,FF,N,6
E6,8,16.09.19,07:22:00,CBL,E,1,M,F,C,C,V,V,5000,F,N,FO,N,6
E6,8,16.09.19,07:22:00,CBL,E,1,M,F,C,C,V,V,5000,F,N,FO,N,6
E6,8,16.09.19,07:22:00,PCM,E,1,M,F,C,C,V,V,4000,M,N,FO,N,6
E6,8,16.09.19,07:22:00,HOC,G,3,M,NA,C,C,V,M,NA,F,J,FO,N,6
E6,8,16.09.19,07:34:00,CPE,E,1,M,F,C,C,V,V,15000,F,N,FF,N,6
E6,8,16.09.19,16:05:00,CHP,MR,5,M,NA,D,D,V,M,NA,F,J,NA,NA,NA
E6,8,16.09.19,16:11:00,CHP,MR,4,M,NA,D,D,V,M,NA,F,J,NA,NA,NA
E6,8,16.09.19,16:16:00,CHP,MR,6,M,NA,D,D,V,M,NA,F,J,NA,NA,NA
E6,8,16.09.19,16:18:00,CHP,G,3,M,NA,C,C,V,M,NA,F,J,FF,N,2
E6,8,16.09.19,16:18:00,CAL,E,1,R,M,C,C,V,V,2500,F,J,FO,N,2
E6,8,18.09.19,07:22:00,NAN,E,1,M,M,C,C,V,V,5000,F,N,FF,S,0.05
E6,8,19.09.19,07:22:00,POT,E,1,M,M,C,C,V,V,60000,P,J,FO,N,3
E6,8,21.09.19,07:32:00,SIT,MR,6,M,NA,D,D,V,M,NA,C,J,NA,NA,NA
E6,8,21.09.19,07:37:00,SIT,MR,5,M,NA,D,D,V,M,NA,C,J,NA,NA,NA
E6,8,21.09.19,15:50:00,MST,E,1,M,F,C,C,V,V,5000,F,J,FF,N,3
E6,8,21.09.19,15:52:00,MST,E,1,M,F,A,A,V,M,4000,F,J,FF,N,3
E6,8,21.09.19,15:52:00,CBA,E,1,M,M,C,C,V,M,NA,P,J,FO,S,1
C5,8,13.09.19,07:30:00,CPE,T,1,M,NA,AH,A,H,M,NA,NA,NA,NA,NA,NA
C5,8,17.09.19,07:04:00,ATH,E,1,R,M,C,C,V,V,3500,F,N,P,S,1
C5,8,17.09.19,07:30:00,HOC,E,1,M,M,AH,A,H,M,NA,F,NA,NA,NA,NA
C10,8,07.09.19,07:26:00,CBA,E,1,M,F,C,C,V,C,NA,F,N,R,S,10
C10,8,07.09.19,07:26:00,CPE,E,1,M,F,C,C,V,C,NA,F,N,R,S,10
C10,8,07.09.19,07:26:00,CBL,E,1,M,F,C,C,V,C,NA,F,N,R,S,10
C10,8,07.09.19,07:26:00,CBL,E,1,M,M,C,C,V,C,NA,F,N,R,S,10
C10,8,07.09.19,07:26:00,CBL,E,1,M,F,C,C,V,C,NA,F,N,R,S,10
C10,8,07.09.19,07:26:00,CBL,E,1,M,M,C,C,V,C,NA,F,N,R,S,10
C10,8,07.09.19,07:26:00,CBL,E,1,M,M,C,C,V,C,NA,F,N,R,S,10
C10,8,07.09.19,07:26:00,CFN,E,1,M,M,C,C,V,C,NA,F,N,M,S,4
C10,8,07.09.19,15:57:00,CHV,P,1,M,NA,C,C,V,M,NA,F,NA,NA,NA,NA
C10,8,07.09.19,16:29:00,PCM,E,1,M,F,C,C,V,M,NA,NA,J,FF,N,0.03
C10,8,08.09.19,16:12:00,MST,MR,18,M,NA,C,C,V,M,NA,F,J,NA,NA,NA
C10,8,08.09.19,16:12:00,MST,G,1,M,NA,C,C,V,M,NA,F,J,NA,NA,NA
C10,8,09.09.19,07:41:00,CBL,E,1,R,F,C,C,V,V,5000,F,N,R,S,8
C10,8,09.09.19,07:41:00,CBL,E,1,R,F,C,C,V,V,5000,F,N,R,S,8
C10,8,09.09.19,07:41:00,CBL,E,1,M,F,C,C,V,V,5000,F,N,R,S,8
C10,8,09.09.19,07:41:00,CBL,E,1,M,F,C,C,V,V,5000,F,N,R,S,8
C10,8,09.09.19,07:41:00,CBL,E,1,M,M,C,C,V,V,5000,F,N,R,S,8
C10,8,09.09.19,07:41:00,ATH,E,1,M,F,C,C,V,M,NA,F,N,R,S,8
C10,8,09.09.19,07:41:00,CRN,E,1,M,F,C,C,V,M,NA,F,N,R,S,8
C10,8,12.09.19,16:11:00,CIV,G,3,M,NA,DH,D,H,M,NA,NA,J,NA,NA,NA
C10,8,12.09.19,16:11:00,CIV,T,1,M,NA,DH,D,H,M,NA,NA,J,NA,NA,NA
C10,8,14.09.19,08:00:00,AOI,E,1,M,F,C,C,V,M,NA,P,J,P,N,0.5
C10,8,15.09.19,07:31:00,PCM,E,1,M,M,C,C,V,M,NA,C,N,FF,N,0.01
C10,8,16.09.19,07:39:00,CBL,E,1,M,F,C,C,V,V,6000,F,N,M,S,2
C10,8,16.09.19,07:39:00,CBL,E,1,M,M,C,C,V,V,6000,F,N,R,S,2
C10,8,17.09.19,15:51:00,CHP,MR,5,M,NA,DH,D,H,M,NA,NA,NA,NA,NA,NA
C10,8,18.09.19,15:53:00,HER,E,1,M,M,C,C,V,M,NA,C,J,FO,S,0.1
C10,8,19.09.19,16:27:00,SIT,G,2,M,NA,CH,C,H,M,NA,C,J,FF,S,0.01
C10,8,19.09.19,16:29:00,HOC,E,1,R,M,C,C,V,M,NA,F,J,FO,N,4
C10,8,19.09.19,16:29:00,ATH,ED,1,R,F,C,C,V,M,NA,P,J,R,N,4
C10,8,21.09.19,15:54:00,VIP,E,1,M,F,C,C,V,M,NA,M,J,FO,N,3
C10,8,21.09.19,15:58:00,TOR,E,1,M,F,C,C,V,M,NA,C,J,R,S,2
C6,8,02.09.19,07:23:00,CBL,E,1,R,F,C,C,V,V,5000,F,N,FO,N,7
C6,8,02.09.19,07:23:00,CBL,E,1,M,F,C,C,V,V,5000,F,N,FO,N,7
C6,8,02.09.19,07:23:00,CBL,E,1,M,F,C,C,V,M,NA,F,N,FO,N,7
C6,8,02.09.19,07:23:00,PCM,E,1,R,F,C,C,V,V,3000,M,N,FO,N,7
C6,8,02.09.19,07:23:00,PCM,E,1,M,F,C,C,V,M,NA,M,N,FO,N,7
C6,8,02.09.19,07:23:00,RAT,E,1,M,F,C,C,V,M,NA,F,N,FO,N,7
C6,8,02.09.19,16:29:00,AMA,MRF,5,M,NA,C,C,V,M,NA,NA,NA,NA,NA,NA
C6,8,03.09.19,07:38:00,CPO,E,1,M,M,C,C,V,M,NA,F,J,FO,S,8
C6,8,03.09.19,07:38:00,CPE,E,1,R,M,C,C,V,V,15000,F,N,FO,S,8
C6,8,03.09.19,07:38:00,CBL,E,1,R,F,C,C,V,V,5000,F,N,FO,S,8
C6,8,04.09.19,07:36:00,PCM,E,1,R,F,C,C,V,V,4000,M,N,FF,N,1
C6,8,04.09.19,16:30:00,CBL,G,4,M,NA,C,C,V,M,NA,P,J,FO,N,8
C6,8,04.09.19,16:30:00,CBL,T,1,M,NA,C,C,V,M,NA,P,J,FO,N,8
C6,8,04.09.19,16:30:00,CPE,E,1,R,F,C,C,V,V,14000,P,J,FO,N,8
C6,8,07.09.19,08:06:00,PCM,E,1,M,F,C,C,V,M,NA,M,N,NA,N,NA
C6,8,07.09.19,16:07:00,CMN,G,2,M,NA,C,C,V,M,NA,P,J,FO,S,8
C6,8,07.09.19,16:07:00,CMN,T,1,M,NA,C,C,V,M,NA,P,J,FO,S,8
C6,8,12.09.19,08:09:00,POT,E,1,M,F,C,C,V,C,NA,F,J,FO,N,9
C6,8,12.09.19,08:09:00,CBL,E,1,M,M,C,C,V,C,NA,F,N,FO,N,9
C6,8,12.09.19,08:09:00,CBL,E,1,M,M,C,C,V,C,NA,F,N,FO,N,9
C6,8,12.09.19,08:09:00,NAN,E,1,M,F,C,C,V,C,NA,F,N,FO,N,9
C6,8,12.09.19,15:54:00,POT,MRD,5,M,NA,D,D,V,M,NA,P,J,NA,NA,NA
C6,8,12.09.19,16:26:00,POT,GD,1,M,NA,D,D,V,M,NA,P,J,NA,NA,NA
C6,8,12.09.19,16:28:00,POT,GD,2,M,NA,C,C,V,M,NA,P,J,FO,N,8
C6,8,12.09.19,16:28:00,POT,TD,1,M,NA,C,C,V,M,NA,P,J,FO,N,8
C6,8,13.09.19,07:46:00,CBL,E,1,R,M,C,C,V,V,5000,F,N,FO,N,6
C6,8,13.09.19,07:46:00,CBL,E,1,M,M,C,C,V,V,5000,F,N,FO,N,6
C6,8,13.09.19,07:46:00,CBL,E,1,M,M,C,C,V,M,NA,F,N,FO,N,6
C6,8,13.09.19,07:46:00,CBL,E,1,M,F,C,C,V,V,5000,F,N,FO,N,6
C6,8,13.09.19,07:46:00,CPE,E,1,M,F,C,C,V,V,15000,F,N,FO,N,6
C6,8,13.09.19,07:46:00,PCM,E,1,M,M,C,C,V,M,NA,M,N,FO,N,6
C6,8,13.09.19,16:05:00,MPN,E,1,M,M,C,C,V,M,NA,P,J,R,S,1
C6,8,13.09.19,16:05:00,TOR,E,1,R,NA,C,C,V,V,1000,NA,J,FF,S,1
C6,8,14.09.19,07:30:00,CBL,E,1,R,M,C,C,V,V,5000,F,N,FF,S,2
C6,8,14.09.19,16:01:00,TOR,E,1,M,F,C,C,V,M,NA,NA,J,R,S,NA
C6,8,15.09.19,08:04:00,CBL,E,1,R,M,C,C,V,V,5000,F,N,FO,N,4
C6,8,15.09.19,08:04:00,CBL,G,2,M,NA,C,C,V,M,NA,F,N,FO,N,4
C6,8,15.09.19,08:04:00,CBL,T,1,M,NA,C,C,V,M,NA,F,N,FO,N,4
C6,8,15.09.19,16:28:00,HOC,E,1,R,M,C,C,V,V,7000,F,J,FF,S,2
C6,8,15.09.19,16:28:00,AMA,G,4,M,NA,C,C,V,M,NA,F,J,FF,S,2
C6,8,15.09.19,16:28:00,AMA,T,1,M,NA,C,C,V,M,NA,F,J,FF,S,2
C6,8,17.09.19,07:55:00,CBL,E,1,M,M,C,C,V,M,NA,F,N,FO,N,7
C6,8,18.09.19,07:25:00,VIP,E,1,M,NA,C,C,V,M,NA,M,N,FO,N,7
C6,8,18.09.19,07:25:00,TOR,E,1,M,M,C,C,V,M,NA,NA,N,FO,N,7
C6,8,18.09.19,07:25:00,PCM,E,1,R,M,C,C,V,V,4000,M,N,FO,N,7
C6,8,18.09.19,07:53:00,TOR,E,1,M,M,C,C,V,M,NA,NA,N,FO,N,7
C6,8,18.09.19,07:56:00,CBL,E,1,R,F,C,C,V,V,5000,F,N,FO,N,7
C6,8,18.09.19,07:56:00,CBL,E,1,M,M,C,C,V,V,5000,F,N,FO,N,7
C6,8,19.09.19,07:30:00,CBL,E,1,R,M,C,C,V,V,5000,F,N,FF,S,2
C6,8,19.09.19,07:48:00,CBL,E,1,M,M,C,C,V,M,NA,F,N,FF,S,2
C6,8,21.09.19,16:17:00,ATH,E,1,M,M,C,C,V,M,NA,P,J,R,S,1
C6,8,21.09.19,16:27:00,CBL,E,1,R,M,C,C,V,V,5000,F,N,FO,S,NA
C8,8,09.09.19,09:21:00,CBL,E,1,M,F,C,C,V,V,5000,F,N,FO,S,7
C8,8,09.09.19,09:21:00,CBL,E,1,M,M,C,C,V,V,5000,F,N,FO,S,7
C8,8,09.09.19,09:21:00,NAN,E,1,M,M,C,C,V,V,4500,F,N,FO,S,7
C8,8,09.09.19,16:44:00,CBL,E,1,R,M,C,C,V,V,5000,NA,NA,NA,NA,NA
C8,8,12.09.19,07:47:00,CBL,E,1,R,M,C,C,V,V,5000,F,N,NA,N,2
C8,8,12.09.19,15:59:00,CMN,MR,24,R,NA,C,C,V,V,100,P,J,NA,S,7
C8,8,13.09.19,08:20:00,CHP,E,1,M,M,C,C,V,M,NA,F,N,NA,S,NA
C8,8,13.09.19,16:30:00,CBL,MR,6,M,NA,C,C,V,M,NA,P,N,FF,N,5
C8,8,13.09.19,16:38:00,MST,E,1,R,F,C,C,V,V,4500,F,J,NA,S,NA
C8,8,13.09.19,16:38:00,CBL,E,1,M,F,C,C,V,V,5000,F,J,NA,S,NA
C8,8,14.09.19,07:47:00,CPO,E,1,M,M,C,C,V,M,NA,F,N,FO,N,9
C8,8,14.09.19,07:47:00,CPO,E,1,M,F,C,C,V,M,NA,F,N,FO,N,9
C8,8,14.09.19,16:50:00,ATH,MID,1,M,NA,D,D,V,M,NA,P,J,NA,S,5
C8,8,16.09.19,08:25:00,NAN,E,1,R,F,AH,A,H,S,NA,NA,NA,NA,NA,NA
C8,8,16.09.19,08:38:00,PCM,E,1,R,M,C,C,V,V,2500,M,N,FF,S,3
C8,8,16.09.19,16:15:00,CBL,MR,29,R,NA,C,C,V,V,100,F,J,FO,N,NA
C8,8,16.09.19,16:56:00,CVB,E,1,R,M,C,C,V,V,12000,F,N,NA,S,NA
C8,8,16.09.19,17:08:00,CBL,E,1,M,M,C,C,V,M,NA,P,J,NA,N,5
C8,8,17.09.19,08:14:00,MJG,E,1,M,M,C,C,V,G,NA,NA,N,FO,S,NA
C8,8,17.09.19,08:25:00,CBL,E,1,R,F,C,C,V,V,5000,F,N,NA,N,7
C8,8,17.09.19,08:38:00,CBL,E,1,R,F,C,C,V,V,5000,P,N,FO,N,9
C8,8,18.09.19,08:53:00,HOC,E,1,R,F,C,C,V,V,4500,F,N,NA,S,5
C8,8,18.09.19,17:05:00,PCM,E,1,M,M,C,C,V,M,NA,M,N,NA,S,NA
C8,8,19.09.19,08:08:00,ATH,ED,1,M,NA,C,C,V,M,NA,P,N,FF,N,6
C8,8,19.09.19,17:17:00,POT,G,4,M,NA,C,C,V,V,20000,F,N,NA,S,NA
C8,8,19.09.19,17:17:00,POT,E,1,M,M,C,C,V,V,70000,F,N,NA,S,NA
C8,8,21.09.19,17:17:00,POT,E,1,M,M,C,C,V,V,45000,F,N,NA,S,NA
C8,8,21.09.19,08:59:00,CBL,MIF,1,M,NA,D,D,V,M,NA,P,N,FF,S,NA
C8,8,21.09.19,09:20:00,CMN,MR,17,R,NA,C,C,V,V,100,F,NA,NA,S,6
E7,8,02.09.19,07:22:00,PCM,EF,1,M,NA,C,C,V,M,NA,M,J,M,S,NA
E7,8,02.09.19,07:55:00,PLQ,E,1,M,F,C,C,V,M,NA,M,N,NA,NA,NA
E7,8,02.09.19,08:23:00,CPE,E,1,M,F,C,C,V,M,NA,F,N,FO,S,4
E7,8,02.09.19,15:52:00,SIT,T,1,M,NA,C,C,V,M,NA,F,J,M,N,0.5
E7,8,02.09.19,15:52:00,SIT,MR,12,M,NA,C,C,V,M,NA,F,J,M,N,0.5
E7,8,02.09.19,15:52:00,SIT,G,2,R,NA,C,C,V,V,4000,F,J,M,N,0.5
E7,8,02.09.19,16:05:00,AMA,GF,1,M,NA,A,A,V,M,5000,F,J,NA,NA,NA
E7,8,02.09.19,16:15:00,CBL,T,1,M,NA,A,A,V,M,NA,F,N,NA,NA,NA
E7,8,03.09.19,15:54:00,CBL,E,1,M,F,C,C,V,C,NA,F,N,FO,S,13
E7,8,03.09.19,15:54:00,CBL,E,1,M,F,C,C,V,C,NA,F,N,FF,S,13
E7,8,03.09.19,15:54:00,CPE,E,1,M,M,C,C,V,C,NA,F,N,FO,S,13
E7,8,03.09.19,15:54:00,CRN,E,1,M,F,C,C,V,M,NA,M,N,R,S,10
E7,8,03.09.19,15:54:00,MJG,E,1,M,F,C,C,V,C,NA,M,N,FO,S,13
E7,8,03.09.19,15:54:00,CRN,T,1,M,NA,C,C,V,M,NA,M,N,R,S,10
E7,8,03.09.19,15:54:00,CBL,MI,1,M,NA,C,C,V,C,NA,F,N,FF,S,13
E7,8,03.09.19,16:12:00,ATH,MR,8,M,NA,A,A,V,M,5000,F,N,NA,NA,NA
E7,8,03.09.19,16:12:00,ATH,T,1,M,NA,A,A,V,M,5000,F,N,NA,NA,NA
E7,8,03.09.19,16:39:00,CBL,E,1,M,M,A,A,V,M,5000,F,N,NA,NA,NA
E7,8,04.09.19,07:38:00,CBL,E,1,M,M,C,C,V,C,NA,F,N,NA,NA,NA
E7,8,04.09.19,07:38:00,CBL,E,1,M,F,C,C,V,C,NA,F,N,NA,NA,NA
E7,8,04.09.19,07:56:00,PCM,E,1,M,F,C,C,V,M,NA,M,N,P,N,0.05
E7,8,04.09.19,08:14:00,CBL,E,1,M,M,C,C,V,C,NA,F,N,FO,N,2
E7,8,04.09.19,08:17:00,CBA,E,1,M,F,C,C,V,C,NA,F,J,FF,N,2
E7,8,04.09.19,08:23:00,TOR,E,1,M,F,C,C,V,M,NA,M,J,FF,S,1
E7,8,04.09.19,08:23:00,CBL,E,1,M,F,C,C,V,M,NA,F,N,FF,S,12
E7,8,07.09.19,08:19:00,CPE,E,1,M,M,C,C,V,M,NA,F,N,NA,NA,NA
E7,8,07.09.19,16:28:00,CBL,G,2,M,NA,C,C,V,M,NA,F,N,NA,NA,NA
E7,8,07.09.19,16:28:00,CBL,T,1,M,NA,C,C,V,M,NA,F,N,NA,NA,NA
E7,8,07.09.19,16:28:00,CBL,MR,4,M,NA,C,C,V,M,NA,F,N,NA,NA,NA
E7,8,08.09.19,07:52:00,CBL,E,1,R,F,C,C,V,V,5000,F,N,FF,N,3
E7,8,08.09.19,15:58:00,POT,GF,4,M,NA,A,A,V,C,20000,F,NA,NA,NA,NA
E7,8,08.09.19,15:58:00,POT,TF,1,M,NA,A,A,V,C,20000,F,NA,NA,NA,NA
E7,8,08.09.19,16:17:00,CBA,E,1,R,F,C,C,V,V,12000,F,N,FF,N,2
E7,8,09.09.19,15:56:00,NAN,E,1,M,F,C,C,V,M,NA,F,N,M,S,3
E7,8,09.09.19,16:08:00,CBL,E,1,R,F,C,C,V,V,5000,F,N,NA,NA,NA
E7,8,09.09.19,16:08:00,ATH,E,1,R,F,C,C,V,V,5000,F,N,NA,NA,NA
E7,8,12.09.19,07:40:00,CBL,E,1,R,M,C,C,V,V,5000,F,N,FF,N,3
E7,8,12.09.19,07:40:00,CBL,E,1,R,M,C,C,V,V,5000,F,N,FO,N,3
E7,8,12.09.19,07:40:00,CBL,E,1,R,M,C,C,V,V,5000,F,N,FF,N,3
E7,8,12.09.19,07:56:00,CBL,E,1,R,M,C,C,V,V,5000,F,N,FF,S,4
E7,8,12.09.19,07:56:00,CBL,E,1,R,M,C,C,V,V,5000,F,N,FF,S,4
E7,8,12.09.19,08:13:00,CBL,E,1,M,F,C,C,V,M,NA,F,N,FO,N,2
E7,8,12.09.19,16:06:00,CBL,MR,50,M,NA,A,A,V,M,5000,F,N,NA,NA,NA
E7,8,12.09.19,17:00:00,CRN,MR,8,M,NA,A,A,V,M,7000,F,N,NA,NA,NA
E7,8,12.09.19,17:00:00,CRN,G,2,M,NA,A,A,V,M,7000,F,N,NA,NA,NA
E7,8,13.09.19,07:56:00,CFN,E,1,M,M,C,C,V,M,NA,F,N,NA,NA,NA
E7,8,13.09.19,16:24:00,CMN,G,1,M,NA,A,A,V,M,2500,F,N,NA,NA,NA
E7,8,14.09.19,15:52:00,CMN,G,1,M,NA,A,A,V,M,2500,F,N,NA,NA,NA
E7,8,14.09.19,16:19:00,CMN,MR,11,M,NA,C,C,V,M,NA,F,N,NA,NA,NA
E7,8,15.09.19,07:51:00,MST,G,8,M,NA,C,C,V,M,NA,F,J,NA,NA,NA
E7,8,15.09.19,07:51:00,MST,T,2,M,NA,C,C,V,M,NA,F,J,NA,NA,NA
E7,8,15.09.19,16:09:00,CRN,MR,32,M,NA,A,A,V,M,4000,F,N,NA,NA,NA
E7,8,15.09.19,16:54:00,CBL,E,1,M,F,A,A,V,M,2500,F,N,FF,NA,NA
E7,8,15.09.19,17:00:00,HOC,E,1,M,F,D,D,V,M,NA,F,J,FO,NA,NA
E7,8,16.09.19,07:38:00,CBL,E,1,M,M,C,C,V,M,NA,F,N,FF,S,4
E7,8,16.09.19,07:55:00,CBL,E,1,R,F,C,C,V,V,5000,F,N,FF,S,3
E7,8,19.09.19,15:52:00,CMN,MR,21,M,NA,A,A,V,M,2500,P,J,NA,NA,NA
E7,8,19.09.19,15:57:00,CMN,T,1,M,NA,C,C,V,M,NA,P,J,FO,S,2
E7,8,19.09.19,16:11:00,CMN,G,2,M,NA,A,A,V,M,2500,F,N,NA,NA,NA
E7,8,19.09.19,16:16:00,GEN,E,1,M,F,C,C,V,M,NA,F,N,FO,S,5
E7,8,19.09.19,16:16:00,CPE,E,1,R,F,C,C,V,V,15000,F,N,FF,S,5
E7,8,21.09.19,08:18:00,CBL,E,1,R,F,C,C,V,V,5000,F,N,FF,N,8
E7,8,21.09.19,08:18:00,CBL,E,1,M,M,C,C,V,M,NA,F,N,FO,N,8
E7,8,21.09.19,08:26:00,CBL,E,1,M,M,C,C,V,M,NA,F,N,FO,S,2
E7,8,21.09.19,08:26:00,CHV,G,4,M,NA,C,C,V,M,NA,F,N,FF,S,3
E7,8,21.09.19,08:26:00,CHV,T,1,M,NA,C,C,V,M,NA,F,N,FF,S,3
C4,8,02.09.19,08:21:00,CPE,E,1,R,NA,C,C,V,V,18000,F,N,FO,S,5
C4,8,03.09.19,07:31:00,CBL,E,1,M,F,C,C,V,V,6000,F,N,FF,N,10
C4,8,03.09.19,08:31:00,CBA,E,1,M,F,C,C,V,V,1500,F,N,FO,N,13
C4,8,03.09.19,08:40:00,PER,E,1,M,M,C,C,V,V,5000,F,J,P,N,0.005
C4,8,07.09.19,08:20:00,CHV,E,1,M,F,C,C,V,M,NA,F,N,FF,S,10
C4,8,07.09.19,08:20:00,CBA,E,1,M,F,C,C,V,V,15000,F,N,FF,S,15
C4,8,08.09.19,08:25:00,MAN,E,1,M,M,C,C,V,M,NA,F,N,FO,N,3
C4,8,09.09.19,07:26:00,CBL,E,1,R,F,C,C,V,V,6000,F,N,FO,S,7
C4,8,09.09.19,16:55:00,CBL,E,1,R,F,C,C,V,V,5000,F,J,FO,S,5
C4,8,12.09.19,08:17:00,CBA,E,1,M,F,C,C,V,V,15000,F,N,FF,N,10
C4,8,12.09.19,08:17:00,MST,E,1,M,F,C,C,V,M,NA,F,N,FO,N,5
C4,8,14.09.19,15:57:00,RAT,E,1,M,F,C,C,V,M,NA,P,J,P,N,2
C4,8,17.09.19,07:25:00,CBL,E,1,R,M,C,C,V,V,6000,F,N,FF,N,15
C4,8,18.09.19,07:46:00,CBL,E,1,R,M,C,C,V,V,6000,F,N,FO,S,6
C4,8,18.09.19,07:46:00,CBL,E,1,M,M,C,C,V,M,NA,F,N,FO,S,10
C4,8,19.09.19,16:01:00,CDO,E,1,M,F,C,C,V,M,NA,F,J,FO,N,15
E1,8,03.09.19,08:18:00,CIV,E,1,M,M,A,A,V,M,50000,F,N,FF,N,2
E1,8,03.09.19,08:18:00,CBA,G,1,M,NA,A,A,V,M,3000,F,N,FF,N,1
E1,8,03.09.19,08:18:00,CBA,MR,19,M,NA,A,A,V,M,NA,NA,NA,NA,NA,NA
E1,8,08.09.19,09:16:00,MAN,G,1,M,NA,D,D,V,M,NA,NA,NA,NA,NA,NA
E1,8,08.09.19,09:16:00,MAN,T,1,M,NA,D,D,V,M,NA,NA,NA,NA,NA,NA
E1,8,08.09.19,09:27:00,MAN,MR,20,M,NA,A,A,V,M,4000,NA,NA,NA,NA,NA
E1,8,08.09.19,09:27:00,MAN,G,1,M,NA,A,A,V,M,4000,NA,NA,NA,NA,NA
E1,8,09.09.19,07:28:00,CBL,E,1,R,F,C,C,V,V,5000,F,N,FO,S,5
E1,8,09.09.19,07:28:00,CBL,E,1,M,M,C,C,V,M,NA,F,N,FO,S,5
E1,8,16.09.19,16:45:00,MAN,E,1,R,M,NA,NA,NA,V,5000,P,J,NA,NA,NA
E1,8,17.09.19,17:14:00,TAL,E,1,M,M,C,C,V,M,NA,F,J,FO,N,6
E1,8,17.09.19,17:14:00,ECU,E,1,M,F,C,C,V,M,NA,F,J,FO,N,3
E8,8,03.09.19,16:24:00,POT,E,1,M,F,C,C,V,M,NA,P,J,FO,S,2
E8,8,07.09.19,07:54:00,RTL,E,1,M,M,C,C,V,M,NA,P,J,FO,S,3
E8,8,07.09.19,07:54:00,GEN,E,1,R,F,C,C,V,V,4000,P,J,FO,S,4
E8,8,07.09.19,16:25:00,CPE,E,1,R,M,C,C,V,V,16000,P,J,FO,S,2
E8,8,08.09.19,16:12:00,MST,E,1,R,M,C,C,V,V,4000,F,J,FO,S,1
E8,8,09.09.19,07:32:00,CPO,E,1,M,F,A,A,V,M,3000,F,J,NA,NA,NA
E8,8,09.09.19,07:32:00,CBL,E,1,M,M,AH,A,H,C,NA,NA,NA,NA,NA,NA
E8,8,09.09.19,15:57:00,MST,E,1,M,F,C,C,V,M,NA,F,J,FO,N,1
E8,8,09.09.19,16:05:00,CPO,E,1,M,M,C,C,V,M,NA,F,J,FO,N,1
E8,8,12.09.19,07:29:00,RAT,E,1,M,F,C,C,V,M,NA,P,J,P,S,0.07
E8,8,12.09.19,15:57:00,MPN,E,1,M,M,A,A,V,M,5000,P,J,NA,NA,NA
E8,8,12.09.19,15:57:00,ATH,E,1,M,F,A,A,V,M,5000,P,J,NA,NA,NA
E8,8,15.09.19,15:26:00,HER,E,1,M,F,C,C,V,M,NA,P,J,P,S,0.07
E8,8,15.09.19,15:26:00,AOI,E,1,M,M,C,C,V,V,2000,P,J,P,S,0.07
E8,8,16.09.19,15:55:00,CBL,E,1,R,M,C,C,V,V,4000,P,J,FO,N,1
E8,8,16.09.19,15:55:00,PIN,E,1,R,M,C,C,V,V,2000,P,J,FO,N,0.8
E8,8,16.09.19,16:07:00,MST,E,1,R,F,C,C,V,V,4000,F,J,FF,N,2
E8,8,16.09.19,16:07:00,CAL,E,1,R,M,C,C,V,V,3000,F,J,FO,N,2.5
E8,8,16.09.19,16:18:00,CHP,T,1,M,NA,D,D,V,M,NA,F,J,FO,S,4
E8,8,16.09.19,16:18:00,CHP,G,1,M,NA,D,D,V,M,NA,F,J,FO,S,4
E8,8,17.09.19,07:25:00,NAN,E,1,R,F,C,C,V,V,5000,F,N,NA,S,0.1
E8,8,18.09.19,07:42:00,MST,E,1,M,F,C,C,V,C,NA,F,J,FO,S,2
E8,8,18.09.19,07:42:00,CPO,E,1,M,M,C,C,V,C,NA,F,J,FO,S,3
E8,8,18.09.19,07:42:00,CAL,E,1,M,F,C,C,V,M,NA,F,J,FO,S,4
E8,8,18.09.19,07:42:00,CAL,E,1,M,M,C,C,V,M,NA,F,J,FO,S,4
E8,8,18.09.19,07:42:00,CBL,E,1,R,F,C,C,V,V,5000,F,N,NA,S,5
E8,8,18.09.19,07:42:00,CBL,E,1,M,M,C,C,V,C,NA,F,N,NA,S,5
E8,8,18.09.19,07:42:00,MPN,E,1,M,M,C,C,V,M,NA,F,N,NA,S,3
E8,8,18.09.19,15:57:00,RAT,E,1,M,F,C,C,V,M,NA,P,J,P,S,0.1
E8,8,18.09.19,15:57:00,AOI,E,1,R,F,C,C,V,V,2000,P,J,P,S,0.1
E8,8,18.09.19,16:12:00,MBR,E,1,M,M,C,C,V,M,NA,M,J,NA,S,0
E8,8,18.09.19,16:14:00,CBL,ED,1,R,M,C,C,V,V,4000,P,J,FO,S,1
E8,8,19.09.19,07:26:00,ECU,E,1,R,M,C,C,V,V,1500,F,J,FO,N,0.2
E8,8,19.09.19,07:26:00,CAL,E,1,R,M,C,C,V,V,3000,F,J,FO,N,0.3
E8,8,19.09.19,07:46:00,CBL,E,1,R,F,C,C,V,V,5000,F,N,NA,S,2
E8,8,19.09.19,07:46:00,TAL,G,1,M,F,C,C,V,M,NA,F,J,FO,S,1
C3,8,02.09.19,16:03:00,MAN,G,2,M,NA,A,A,V,M,2000,F,NA,NA,NA,NA
C3,8,03.09.19,15:55:00,CBL,E,1,M,M,C,C,V,M,NA,P,J,FF,N,2
C3,8,07.09.19,08:06:00,CBL,E,1,M,F,C,C,V,V,5000,F,N,FO,N,2
C3,8,07.09.19,08:06:00,CBL,E,1,M,M,C,C,V,V,5000,F,N,FO,N,2
C3,8,07.09.19,08:06:00,PCM,E,1,M,F,C,C,V,M,NA,M,N,NA,N,1
C3,8,09.09.19,07:55:00,CBL,E,1,M,F,C,C,V,M,NA,F,N,FO,N,1
C3,8,09.09.19,16:23:00,CFN,E,1,M,F,A,A,V,M,12000,F,NA,NA,NA,NA
C3,8,13.09.19,16:03:00,PAN,E,1,M,M,C,C,V,M,NA,P,J,FF,N,3
C3,8,13.09.19,16:54:00,CRN,E,1,M,F,C,C,V,V,8000,F,NA,NA,NA,NA
C3,8,15.09.19,16:29:00,CPE,E,1,M,M,C,C,V,V,15000,F,NA,NA,NA,NA
C3,8,15.09.19,16:29:00,CPE,E,1,M,M,C,C,V,V,13000,F,NA,NA,NA,NA
C3,8,15.09.19,16:29:00,HOC,E,1,M,F,C,C,V,M,NA,F,NA,NA,NA,NA
C3,8,16.09.19,16:36:00,MST,E,1,M,M,C,C,V,M,NA,F,J,P,S,0.035
C3,8,18.09.19,07:43:00,POT,E,1,M,M,C,C,V,C,NA,F,NA,NA,NA,NA
C3,8,18.09.19,07:43:00,CPE,E,1,M,M,C,C,V,C,NA,F,NA,NA,NA,NA
C3,8,18.09.19,15:54:00,MST,E,1,M,M,D,D,V,M,NA,F,NA,NA,NA,NA
C3,8,19.09.19,16:28:00,HER,E,1,M,F,C,C,V,M,NA,F,J,P,S,0.3
E2,8,02.09.19,16:20:00,CPO,E,1,M,M,C,C,V,M,NA,P,J,M,S,1
E2,8,07.09.19,07:29:00,HOC,E,1,M,F,C,C,V,M,NA,F,J,FF,S,1
E2,8,07.09.19,07:29:00,CBL,E,1,M,F,C,C,V,M,NA,F,N,FF,S,1.3
E2,8,07.09.19,07:29:00,PCM,E,1,M,M,C,C,V,M,NA,M,N,M,S,2
E2,8,09.09.19,07:30:00,ATH,E,1,R,M,C,C,V,V,NA,F,NA,NA,NA,NA
E2,8,09.09.19,07:30:00,CBL,E,1,R,F,C,C,V,V,NA,F,NA,NA,NA,NA
E2,8,09.09.19,07:32:00,CBL,E,1,M,M,C,C,V,V,NA,F,NA,NA,NA,NA
E2,8,09.09.19,07:32:00,CBA,E,1,M,M,C,C,V,V,NA,F,NA,NA,NA,NA
E2,8,12.09.19,07:33:00,HOC,E,1,M,F,C,C,V,C,NA,F,J,FF,N,38
E2,8,12.09.19,07:42:00,CBL,E,1,R,F,C,C,V,V,5000,F,NA,NA,NA,NA
E2,8,12.09.19,07:59:00,ATH,E,1,M,M,C,C,V,V,6000,F,NA,NA,NA,NA
E2,8,13.09.19,07:23:00,CMN,G,1,M,NA,A,A,V,M,NA,NA,NA,NA,NA,NA
E2,8,13.09.19,07:59:00,CMN,MR,19,M,NA,C,C,V,M,NA,F,NA,NA,NA,NA
E2,8,14.09.19,07:23:00,MST,E,1,M,F,C,C,V,M,NA,F,NA,NA,NA,NA
E2,8,14.09.19,08:23:00,MPN,MRF,1,M,NA,C,C,V,NA,NA,P,NA,NA,NA,NA
E2,8,15.09.19,07:22:00,CBL,E,1,R,F,C,C,V,V,5000,F,N,FO,S,12
E2,8,15.09.19,07:22:00,CPO,E,1,R,M,C,C,V,V,4000,F,J,FF,S,4
E2,8,15.09.19,07:56:00,PCM,E,1,M,M,C,C,V,M,NA,P,J,P,S,0.07
E2,8,15.09.19,08:05:00,HOC,E,1,R,M,C,C,V,V,5000,F,NA,NA,NA,NA
E2,8,16.09.19,08:24:00,MNG,E,1,M,F,C,C,V,M,NA,P,J,FF,S,0.3
E2,8,16.09.19,16:02:00,CBL,MR,32,M,NA,DH,D,H,M,NA,NA,NA,NA,NA,NA
E2,8,17.09.19,08:22:00,HOC,E,1,R,M,C,C,V,V,8000,F,NA,NA,NA,NA
E2,8,18.09.19,07:25:00,CBL,E,1,R,M,C,C,V,V,6000,F,N,FO,S,8
E2,8,18.09.19,07:27:00,CBL,E,1,M,M,C,C,V,M,NA,F,N,FO,S,8
E2,8,18.09.19,08:27:00,CMN,G,1,M,NA,A,A,V,M,NA,NA,NA,NA,NA,NA
E2,8,18.09.19,09:01:00,CMN,MR,20,M,NA,A,A,V,M,3000,NA,NA,NA,NA,NA
E2,8,21.09.19,07:35:00,CMN,G,4,M,NA,C,C,V,V,2500,F,N,FO,N,10
E2,8,21.09.19,07:35:00,CMN,T,1,M,NA,C,C,V,M,NA,F,N,FO,N,10
E2,8,21.09.19,07:35:00,CMN,MR,4,M,NA,C,C,V,M,NA,F,N,FO,N,10
E2,8,21.09.19,07:35:00,CBL,E,1,M,F,C,C,V,V,6000,F,N,FO,N,10
E2,8,21.09.19,07:35:00,CBL,E,1,M,M,C,C,V,V,6000,F,N,FO,N,10
E2,8,21.09.19,08:38:00,CPO,E,1,M,F,C,C,V,M,NA,F,J,FF,S,0.2
E9,8,3.09.19,08:15:00,MAN,MR,5,M,NA,C,C,V,M,NA,F,J,FF,S,3
E9,8,07.09.19,07:24:00,RAT,E,1,M,M,C,C,V,M,NA,P,J,P,S,0.3
E9,8,07.09.19,07:44:00,CBL,E,1,R,F,C,C,V,V,5000,F,N,FO,S,4
E9,8,07.09.19,07:44:00,CPE,E,1,R,M,C,C,V,V,15000,F,N,FO,S,4
E9,8,07.09.19,08:01:00,CBL,E,1,M,M,C,C,V,M,NA,F,J,FF,N,5
E9,8,13.09.19,17:02:00,PAN,E,1,M,F,C,C,V,M,NA,F,N,FF,N,6
E9,8,14.09.19,07:23:00,DDA,E,1,M,M,C,C,V,M,NA,F,N,FO,S,1
E9,8,14.09.19,07:55:00,POT,E,1,M,M,C,C,V,V,45000,F,N,FF,N,8
E9,8,14.09.19,07:55:00,PAN,E,1,M,M,C,C,V,V,35000,F,N,FO,N,8
E9,8,17.09.19,16:12:00,CPO,E,1,R,M,C,C,V,V,5000,F,J,FF,S,3
E9,8,17.09.19,16:22:00,CHP,MR,2,M,NA,DH,D,H,M,NA,NA,NA,NA,NA,NA
E9,8,18.09.19,07:42:00,NAN,E,1,R,M,C,C,V,V,5000,F,N,P,S,0.08
E9,8,18.09.19,16:38:00,HOC,E,1,R,M,C,C,V,V,4000,F,J,FF,N,6
E9,8,19.09.19,07:33:00,CBL,E,1,M,F,C,C,V,V,6000,F,N,FF,N,7
E9,8,19.09.19,07:33:00,CBL,E,1,M,M,C,C,V,V,6000,F,N,FF,N,7
C9,8,02.09.19,07:30:00,CPE,E,1,R,M,C,C,V,V,13000,P,J,FO,N,5
C9,8,02.09.19,07:35:00,CRN,GF,4,M,NA,C,C,V,M,NA,M,N,NA,N,10
C9,8,04.09.19,07:30:00,CBL,E,1,R,M,C,C,V,V,5000,P,J,FO,N,8
C9,8,04.09.19,07:30:00,CPE,E,1,R,F,C,C,V,V,13000,P,J,FO,N,8
C9,8,07.09.19,16:00:00,ATH,E,1,R,F,C,C,V,V,7000,P,J,FO,N,8
C9,8,07.09.19,16:00:00,CDO,E,1,M,M,C,C,V,V,4000,P,J,FO,N,8
C9,8,07.09.19,16:00:00,CBL,E,1,R,M,C,C,V,V,5000,P,J,FO,N,8
C9,8,09.09.19,07:30:00,CBL,E,1,M,M,C,C,V,V,5000,F,N,FO,S,0.05
C9,8,09.09.19,07:30:00,CPE,E,1,R,M,C,C,V,V,10000,P,J,FO,N,8
C9,8,09.09.19,07:30:00,CBA,E,1,M,M,C,C,V,V,10000,P,J,FO,N,8
C9,8,09.09.19,07:30:00,ATH,E,1,R,F,C,C,V,V,7000,P,J,FO,N,8
C9,8,13.09.19,16:30:00,CHV,G,4,M,NA,C,C,V,M,NA,P,J,FO,N,5
C9,8,13.09.19,07:30:00,CPE,E,1,R,F,C,C,V,V,10000,P,J,FO,N,5
C9,8,13.09.19,07:30:00,CBL,E,1,R,F,C,C,V,V,5000,P,J,FO,N,5
C9,8,16.09.19,07:20:00,ATH,E,1,R,M,C,C,V,V,7000,P,J,FO,N,10
C9,8,16.09.19,07:25:00,CBA,E,1,R,F,C,C,V,V,12000,P,J,FO,N,10
C9,8,16.09.19,07:25:00,CBL,E,1,R,F,C,C,V,V,5000,P,J,FO,N,10
C9,8,16.09.19,16:30:00,CRN,E,1,R,M,C,C,V,V,15000,P,J,M,N,8
C9,8,17.09.19,15:08:00,CPE,GF,4,M,NA,C,C,V,M,NA,P,J,FO,N,10
C9,8,17.09.19,15:55:00,CBL,E,1,R,M,C,C,V,V,5000,P,J,FO,N,10
C9,8,19.09.19,16:00:00,PCM,E,1,R,M,C,C,V,V,5000,F,N,FO,S,0.05
C9,8,19.09.19,16:00:00,MPN,E,1,R,M,C,C,V,V,4000,P,J,FO,N,5
C9,8,19.09.19,16:00:00,CPE,E,1,R,F,C,C,V,V,10000,P,J,FO,N,5
C7,8,02.09.19,15:49:00,MST,E,1,M,M,C,C,V,M,NA,F,J,FF,N,1
C7,8,03.09.19,07:19:00,CBL,E,1,R,M,C,C,V,V,6000,F,N,FO,N,5
C7,8,03.09.19,07:19:00,CBL,E,1,R,M,C,C,V,V,6000,F,N,FO,N,5
C7,8,03.09.19,07:19:00,CBA,E,1,M,M,C,C,V,M,NA,F,N,FO,N,5
C7,8,04.09.19,07:19:00,CBL,E,1,R,M,C,C,V,V,6000,F,N,FO,S,10
C7,8,04.09.19,07:19:00,CBL,E,1,R,M,C,C,V,V,6000,F,N,FO,S,10
C7,8,04.09.19,07:19:00,CBL,E,1,R,M,C,C,V,V,6000,F,N,FO,S,10
C7,8,04.09.19,07:19:00,CBL,E,1,M,F,C,C,V,M,NA,F,N,FO,S,10
C7,8,04.09.19,07:19:00,CPO,E,1,M,M,C,C,V,M,NA,F,J,FO,S,10
C7,8,04.09.19,15:49:00,MAN,G,2,M,M,C,C,V,V,3000,F,J,FO,N,5
C7,8,04.09.19,15:49:00,MAN,MR,10,M,M,C,C,V,V,1000,F,J,FO,N,5
C7,8,04.09.19,15:49:00,MAN,T,1,M,M,C,C,V,M,NA,F,J,FO,N,5
C7,8,04.09.19,15:49:00,MAN,E,1,M,F,C,C,V,M,NA,F,J,FO,N,5
C7,8,07.09.19,07:54:00,CNB,E,1,M,M,C,C,V,M,NA,F,J,FO,S,3
C7,8,07.09.19,07:59:00,CPE,E,1,R,M,C,C,V,V,15000,F,N,FO,S,9
C7,8,07.09.19,07:59:00,CBL,E,1,R,M,C,C,V,V,6000,F,N,FO,S,9
C7,8,07.09.19,07:59:00,CBL,E,1,M,F,C,C,V,V,6000,F,N,FO,S,9
C7,8,07.09.19,07:59:00,CBL,E,1,M,F,C,C,V,M,NA,F,N,FO,S,9
C7,8,07.09.19,07:59:00,CDO,E,1,M,M,C,C,V,M,NA,F,N,FO,S,9
C7,8,07.09.19,07:59:00,CDO,P,1,M,M,C,C,V,V,5000,F,N,FO,S,9
C7,8,07.09.19,15:49:00,CHP,G,2,M,F,C,C,V,M,NA,F,J,FF,S,1
C7,8,07.09.19,15:49:00,CHP,MR,7,M,F,C,C,V,V,2000,F,J,FF,S,1
C7,8,07.09.19,15:49:00,CHP,T,1,M,F,C,C,V,M,NA,F,J,FF,S,1
C7,8,07.09.19,15:49:00,CHP,E,1,M,F,C,C,V,V,100000,F,J,FF,S,1
C7,8,08.09.19,07:20:00,ATH,E,1,R,M,C,C,V,V,8000,F,N,FO,S,7
C7,8,08.09.19,07:20:00,ATH,E,1,R,M,C,C,V,V,9000,F,N,FO,S,7
C7,8,08.09.19,07:20:00,CBL,E,1,R,M,C,C,V,V,6000,F,N,FO,S,12
C7,8,08.09.19,07:20:00,CBL,E,1,M,F,C,C,V,V,6000,F,N,FO,S,12
C7,8,08.09.19,07:20:00,CBL,E,1,M,M,C,C,V,V,6000,F,N,FO,S,12
C7,8,08.09.19,08:00:00,PCM,E,1,R,M,C,C,V,V,3000,M,N,FO,S,12
C7,8,08.09.19,08:00:00,CDJ,G,4,R,F,C,C,V,V,2500,F,N,FF,S,12
C7,8,08.09.19,08:00:00,CDJ,T,1,M,F,C,C,V,M,NA,F,N,FF,S,12
C7,8,12.09.19,07:20:00,CBL,E,1,R,F,C,C,V,V,6000,F,N,FO,S,3
C7,8,12.09.19,07:20:00,CBL,E,1,R,M,C,C,V,V,6000,F,N,FO,S,3
C7,8,12.09.19,07:54:00,CPE,E,1,R,M,C,C,V,V,15000,F,J,FO,S,15
C7,8,12.09.19,07:54:00,CBL,E,1,R,F,C,C,V,V,6000,F,N,FO,S,15
C7,8,12.09.19,07:54:00,CVB,E,1,M,M,C,C,V,V,8000,F,N,FO,S,15
C7,8,12.09.19,07:54:00,MJG,E,1,M,M,C,C,V,M,NA,F,J,FO,S,15
C7,8,15.09.19,07:20:00,CBL,E,1,R,F,C,C,V,V,6000,F,N,FO,S,3
C7,8,15.09.19,07:20:00,CBA,E,1,R,M,C,C,V,V,12000,F,N,FO,S,3
C7,8,15.09.19,07:33:00,GEN,E,1,R,F,C,C,V,V,3000,P,N,FF,S,2
C7,8,15.09.19,07:33:00,PCM,E,1,R,F,C,C,V,V,3000,F,N,FF,S,2
C7,8,16.09.19,07:19:00,CBL,E,1,R,F,C,C,V,V,6000,F,N,NA,NA,NA
C7,8,16.09.19,07:41:00,PCM,E,1,R,F,C,C,V,V,4000,M,N,FO,N,7
C7,8,16.09.19,07:41:00,PCM,E,1,R,F,C,C,V,V,3000,M,N,FO,N,7
C7,8,16.09.19,07:41:00,CRN,E,1,M,F,C,C,V,V,4000,F,N,R,N,7
C7,8,16.09.19,07:41:00,GEN,E,1,M,F,C,C,V,M,NA,F,N,FO,N,7
C7,8,16.09.19,07:41:00,CPE,ED,1,M,F,C,C,V,M,NA,P,J,FO,N,7
C7,8,16.09.19,08:07:00,GEN,E,1,R,M,C,C,V,V,4000,P,J,FF,S,1
C7,8,17.09.19,07:19:00,CBL,E,1,R,F,C,C,V,V,6000,F,N,FO,N,5
C7,8,17.09.19,07:19:00,PCM,E,1,R,M,C,C,V,V,5000,F,N,FO,N,5
C7,8,17.09.19,07:19:00,CBA,G,3,R,M,C,C,V,V,3000,F,N,FO,N,5
C7,8,17.09.19,07:19:00,CBA,MR,30,M,M,C,C,V,M,NA,F,N,FO,N,5
C7,8,17.09.19,07:19:00,CBA,T,1,M,M,C,C,V,M,NA,F,N,FO,N,5
C7,8,17.09.19,07:57:00,ATH,E,1,R,M,C,C,V,V,7000,F,N,FO,S,18
C7,8,17.09.19,07:57:00,CBL,E,1,R,M,C,C,V,V,6000,F,N,FO,S,18
C7,8,17.09.19,07:57:00,POT,G,2,R,M,C,C,V,V,8000,F,N,FO,S,18
C7,8,17.09.19,07:57:00,CBL,E,1,M,F,C,C,V,V,6000,F,N,FO,S,18
C7,8,17.09.19,07:57:00,CBL,E,1,M,F,C,C,V,V,6000,F,N,FO,S,18
C7,8,17.09.19,07:57:00,POT,MR,40,M,M,C,C,V,M,NA,F,N,FO,S,18
C7,8,17.09.19,07:57:00,POT,T,1,M,M,C,C,V,M,NA,F,N,FO,S,18
C7,8,17.09.19,15:49:00,MAN,G,2,M,M,C,C,V,M,NA,F,J,FF,S,2
C7,8,17.09.19,15:49:00,MAN,T,1,M,M,C,C,V,M,NA,F,J,FF,S,2
C7,8,18.09.19,15:50:00,MAN,G,1,M,M,D,D,V,M,NA,F,J,FF,N,2
C7,8,18.09.19,15:50:00,MAN,G,2,R,M,C,C,V,V,2500,F,J,FF,N,2
C7,8,18.09.19,15:50:00,MAN,T,1,M,M,C,C,V,M,NA,F,J,FF,N,2
C7,8,21.09.19,07:49:00,CPE,E,1,R,F,C,C,V,V,15000,F,N,FO,S,18
C7,8,21.09.19,07:49:00,CBL,E,1,R,F,C,C,V,V,6000,F,N,FO,S,18
C7,8,21.09.19,07:49:00,ATH,E,1,R,F,C,C,V,V,8000,F,N,FO,S,18
C7,8,21.09.19,07:49:00,CBL,E,1,M,M,C,C,V,V,6000,F,N,FO,S,18
C7,8,21.09.19,07:49:00,CBL,E,1,M,M,C,C,V,V,6000,F,N,FO,S,18
C7,8,21.09.19,07:49:00,CBL,E,1,M,F,C,C,V,V,6000,F,N,FO,S,18
C7,8,21.09.19,07:49:00,CBL,E,1,M,F,C,C,V,V,6000,F,N,FO,S,18
C7,8,21.09.19,07:49:00,CBL,E,1,M,F,C,C,V,V,6000,F,N,FO,S,18
C7,8,21.09.19,07:49:00,CBL,E,1,M,F,C,C,V,V,6000,F,N,FO,S,18
C7,8,21.09.19,07:49:00,CBL,E,1,M,F,C,C,V,M,NA,F,N,FO,S,18
C7,8,21.09.19,15:58:00,ATH,ED,1,M,M,C,C,V,M,NA,P,J,FF,N,1
E4,8,02.09.19,07:29:00,CBL,E,1,M,F,A,A,V,M,NA,NA,NA,NA,NA,NA
E4,8,02.09.19,07:29:00,CBL,E,1,R,M,C,C,V,V,6000,F,N,FF,N,5
E4,8,02.09.19,07:29:00,CPE,E,1,R,F,C,C,V,V,15000,F,N,FO,N,6
E4,8,08.09.19,08:01:00,CBL,E,1,R,M,C,C,V,V,5000,F,N,FF,S,5
E4,8,08.09.19,08:01:00,CBL,E,1,R,F,A,A,V,M,NA,NA,NA,NA,NA,NA
E4,8,08.09.19,08:01:00,CPE,E,1,R,M,C,C,V,V,15000,F,N,FO,S,5
E4,8,12.09.19,15:54:00,CPE,E,1,M,F,A,A,V,M,NA,NA,NA,NA,NA,NA
E4,8,14.09.19,08:16:00,CBL,E,1,R,F,A,A,V,M,NA,NA,NA,NA,NA,NA
E4,8,14.09.19,08:16:00,CBL,E,1,R,F,C,C,V,V,6000,F,N,FF,N,5
E4,8,14.09.19,08:16:00,CBL,E,1,R,F,C,C,V,V,6000,F,N,FO,N,5
E4,8,14.09.19,08:16:00,CBL,E,1,R,M,C,C,V,V,6000,F,N,FO,S,6
E4,8,15.09.19,07:24:00,CBL,E,1,R,F,C,C,V,V,6000,F,N,FO,S,6
E4,8,15.09.19,07:24:00,CBL,E,1,R,F,C,C,V,V,6000,F,N,FO,S,6
E4,8,15.09.19,07:24:00,CBL,E,1,R,F,C,C,V,V,6000,F,N,FO,S,6
E4,8,15.09.19,07:38:00,HOC,E,1,M,NA,NA,NA,NA,NA,NA,NA,NA,NA,NA,NA
E4,8,15.09.19,08:24:00,PCM,E,1,R,NA,NA,NA,NA,NA,NA,NA,NA,NA,NA,NA
E4,8,16.09.19,07:30:00,CPE,E,1,R,M,A,A,V,NA,NA,NA,NA,NA,NA,NA
E4,8,17.09.19,08:42:00,CBA,E,1,R,F,C,C,V,V,15000,F,J,FO,N,5
E4,8,18.09.19,08:00:00,CBA,E,1,M,M,A,A,V,NA,NA,NA,NA,NA,NA,NA
E4,8,19.09.19,07:48:00,CBL,E,1,R,M,C,C,V,V,5000,F,J,FF,S,6
E4,8,21.09.19,07:34:00,POT,G,1,R,NA,C,C,V,V,15000,F,N,FO,S,6
E4,8,21.09.19,07:34:00,CBL,E,1,R,F,C,C,V,V,6000,F,N,FO,S,6
E4,8,21.09.19,07:38:00,CBL,E,1,M,M,NA,NA,NA,NA,NA,NA,NA,NA,NA,NA
